GEO.id,GEO.id2,GEO.display-label,HD01_VD02,HD02_VD02,HD01_VD03,HD02_VD03,HD01_VD04,HD02_VD04,HD01_VD05,HD02_VD05,HD01_VD06,HD02_VD06,HD01_VD07,HD02_VD07,HD01_VD08,HD02_VD08
Id,Id2,Geography,Estimate; Median gross rent -- - Total:,Margin of Error; Median gross rent -- - Total:,Estimate; Median gross rent -- - Total: - No bedroom,Margin of Error; Median gross rent -- - Total: - No bedroom,Estimate; Median gross rent -- - Total: - 1 bedroom,Margin of Error; Median gross rent -- - Total: - 1 bedroom,Estimate; Median gross rent -- - Total: - 2 bedrooms,Margin of Error; Median gross rent -- - Total: - 2 bedrooms,Estimate; Median gross rent -- - Total: - 3 bedrooms,Margin of Error; Median gross rent -- - Total: - 3 bedrooms,Estimate; Median gross rent -- - Total: - 4 bedrooms,Margin of Error; Median gross rent -- - Total: - 4 bedrooms,Estimate; Median gross rent -- - Total: - 5 or more bedrooms,Margin of Error; Median gross rent -- - Total: - 5 or more bedrooms
1400000US36061000100,36061000100,"Census Tract 1, New York County, New York",-,**,-,**,-,**,-,**,-,**,-,**,-,**
1400000US36061000202,36061000202,"Census Tract 2.02, New York County, New York",628,58,559,150,534,73,827,245,847,69,-,**,-,**
1400000US36061000500,36061000500,"Census Tract 5, New York County, New York",-,**,-,**,-,**,-,**,-,**,-,**,-,**
1400000US36061000600,36061000600,"Census Tract 6, New York County, New York",645,160,559,476,518,437,783,281,684,335,-,**,-,**
1400000US36061000700,36061000700,"Census Tract 7, New York County, New York",2857,109,2642,129,3052,175,3307,405,3020,308,-,**,-,**
1400000US36061000800,36061000800,"Census Tract 8, New York County, New York",929,49,726,193,870,53,1064,73,1322,330,-,**,-,**
1400000US36061000900,36061000900,"Census Tract 9, New York County, New York","3,500+",***,3316,373,"3,500+",***,"3,500+",***,3196,157,-,**,-,**
1400000US36061001001,36061001001,"Census Tract 10.01, New York County, New York",973,502,-,**,871,823,991,614,-,**,-,**,-,**
1400000US36061001002,36061001002,"Census Tract 10.02, New York County, New York",396,58,502,387,290,85,415,47,530,515,1367,677,-,**
1400000US36061001200,36061001200,"Census Tract 12, New York County, New York",908,385,715,628,514,150,1182,444,708,431,-,**,-,**
1400000US36061001300,36061001300,"Census Tract 13, New York County, New York",2817,91,2589,105,3037,128,3475,303,2955,800,-,**,-,**
1400000US36061001502,36061001502,"Census Tract 15.02, New York County, New York",3075,128,2584,218,3184,148,3177,118,3307,548,-,**,-,**
1400000US36061001800,36061001800,"Census Tract 18, New York County, New York",1191,239,1609,453,1093,497,1008,324,973,391,-,**,-,**
1400000US36061002000,36061002000,"Census Tract 20, New York County, New York",415,30,409,283,321,89,388,51,489,118,-,**,-,**
1400000US36061002100,36061002100,"Census Tract 21, New York County, New York","3,500+",***,3341,278,"3,500+",***,3242,501,"3,500+",***,-,**,-,**
1400000US36061002202,36061002202,"Census Tract 22.02, New York County, New York",2195,364,1883,309,2441,689,1932,512,"3,500+",***,-,**,-,**
1400000US36061002500,36061002500,"Census Tract 25, New York County, New York",386,65,299,41,308,93,365,81,756,276,527,122,-,**
1400000US36061002601,36061002601,"Census Tract 26.01, New York County, New York",955,124,353,183,970,301,1051,196,1122,225,-,**,-,**
1400000US36061002700,36061002700,"Census Tract 27, New York County, New York",1028,180,1180,582,981,467,1083,174,-,**,-,**,-,**
1400000US36061003001,36061003001,"Census Tract 30.01, New York County, New York",1964,129,1896,97,1939,240,2223,682,2232,692,-,**,-,**
1400000US36061003002,36061003002,"Census Tract 30.02, New York County, New York",1235,181,1133,203,1185,290,1484,533,2068,865,-,**,-,**
1400000US36061003100,36061003100,"Census Tract 31, New York County, New York",2719,173,2547,353,2866,270,2650,1295,-,**,-,**,-,**
1400000US36061003200,36061003200,"Census Tract 32, New York County, New York",1607,183,1717,176,1712,315,1115,92,2769,724,-,**,-,**
1400000US36061003400,36061003400,"Census Tract 34, New York County, New York",1864,168,1768,212,1984,189,1431,560,2611,1763,-,**,-,**
1400000US36061003601,36061003601,"Census Tract 36.01, New York County, New York",938,84,2016,1513,1317,890,781,292,952,53,-,**,-,**
1400000US36061003602,36061003602,"Census Tract 36.02, New York County, New York",1445,255,1159,517,1470,307,1217,1129,2181,666,-,**,-,**
1400000US36061003800,36061003800,"Census Tract 38, New York County, New York",1748,125,1688,142,1841,192,954,896,2621,1011,-,**,-,**
1400000US36061003900,36061003900,"Census Tract 39, New York County, New York",1690,225,2298,1645,1575,403,1650,281,1759,740,-,**,-,**
1400000US36061004000,36061004000,"Census Tract 40, New York County, New York",2054,149,2106,165,1714,246,2715,385,2019,956,-,**,-,**
1400000US36061004100,36061004100,"Census Tract 41, New York County, New York",1323,243,1909,747,1247,563,985,218,1600,679,-,**,-,**
1400000US36061004300,36061004300,"Census Tract 43, New York County, New York",1809,313,2183,890,2208,482,1154,839,637,554,-,**,-,**
1400000US36061004400,36061004400,"Census Tract 44, New York County, New York",1834,85,-,**,1595,189,1911,117,2301,545,-,**,-,**
1400000US36061004800,36061004800,"Census Tract 48, New York County, New York",1911,217,1338,221,2121,349,1785,468,2675,1244,-,**,-,**
1400000US36061004900,36061004900,"Census Tract 49, New York County, New York",2105,171,1985,202,2099,351,2768,742,2140,232,-,**,-,**
1400000US36061005000,36061005000,"Census Tract 50, New York County, New York",2483,284,1814,576,2590,411,3078,463,"3,500+",***,-,**,-,**
1400000US36061005200,36061005200,"Census Tract 52, New York County, New York",2620,123,2589,353,2636,458,2580,599,2688,1354,-,**,-,**
1400000US36061005400,36061005400,"Census Tract 54, New York County, New York",2573,237,2235,523,3026,368,2574,342,-,**,-,**,-,**
1400000US36061005501,36061005501,"Census Tract 55.01, New York County, New York",2045,145,1326,100,1786,296,2315,127,2480,301,-,**,-,**
1400000US36061005502,36061005502,"Census Tract 55.02, New York County, New York",2355,205,2558,1136,2641,470,2091,1068,2375,1475,-,**,-,**
1400000US36061005600,36061005600,"Census Tract 56, New York County, New York",2503,592,842,577,3330,440,-,**,"3,500+",***,-,**,-,**
1400000US36061005700,36061005700,"Census Tract 57, New York County, New York",3345,176,2422,1463,3331,206,3488,326,-,**,-,**,-,**
1400000US36061005800,36061005800,"Census Tract 58, New York County, New York",2947,194,2653,941,3069,297,2917,327,-,**,-,**,-,**
1400000US36061005900,36061005900,"Census Tract 59, New York County, New York",1868,252,1209,559,1819,187,2282,510,3073,1156,-,**,-,**
1400000US36061006000,36061006000,"Census Tract 60, New York County, New York",2337,236,-,**,2618,484,2155,244,2838,1023,-,**,-,**
1400000US36061006100,36061006100,"Census Tract 61, New York County, New York",2718,158,2611,221,2657,276,"3,500+",***,3083,997,-,**,-,**
1400000US36061006300,36061006300,"Census Tract 63, New York County, New York",2207,101,2188,116,2269,157,2098,666,-,**,-,**,-,**
1400000US36061006500,36061006500,"Census Tract 65, New York County, New York",2100,137,1928,288,1985,236,2301,328,"3,500+",***,-,**,-,**
1400000US36061006600,36061006600,"Census Tract 66, New York County, New York",1164,240,2095,633,838,401,2277,266,937,640,-,**,-,**
1400000US36061006700,36061006700,"Census Tract 67, New York County, New York",2248,116,1951,195,2353,159,2718,218,2435,662,-,**,-,**
1400000US36061006800,36061006800,"Census Tract 68, New York County, New York",2094,312,2192,282,1739,731,2698,1086,2042,1022,-,**,-,**
1400000US36061006900,36061006900,"Census Tract 69, New York County, New York",3471,168,3467,259,"3,500+",***,3379,408,-,**,-,**,-,**
1400000US36061007000,36061007000,"Census Tract 70, New York County, New York",2322,209,1817,150,2684,466,2881,728,3088,1209,-,**,-,**
1400000US36061007100,36061007100,"Census Tract 71, New York County, New York",2240,331,1708,945,2359,594,3139,524,2677,1084,-,**,-,**
1400000US36061007200,36061007200,"Census Tract 72, New York County, New York",2480,257,1764,388,2546,321,3078,770,3487,442,-,**,-,**
1400000US36061007400,36061007400,"Census Tract 74, New York County, New York",2645,312,2304,152,2950,346,2364,805,2893,2233,-,**,-,**
1400000US36061007500,36061007500,"Census Tract 75, New York County, New York",1927,336,1640,443,1920,353,3073,628,-,**,-,**,-,**
1400000US36061007600,36061007600,"Census Tract 76, New York County, New York",2697,151,2376,168,2846,196,3083,339,2761,502,-,**,-,**
1400000US36061007700,36061007700,"Census Tract 77, New York County, New York",2248,163,2134,156,2151,327,2826,291,2555,877,-,**,-,**
1400000US36061007800,36061007800,"Census Tract 78, New York County, New York",2323,139,2101,413,2391,194,3003,607,"3,500+",***,-,**,-,**
1400000US36061008000,36061008000,"Census Tract 80, New York County, New York",2207,145,2024,310,2265,365,2640,401,-,**,-,**,-,**
1400000US36061008100,36061008100,"Census Tract 81, New York County, New York",1576,297,1279,422,1764,226,1204,874,-,**,-,**,-,**
1400000US36061008200,36061008200,"Census Tract 82, New York County, New York",2684,319,2391,247,2804,478,2913,747,-,**,-,**,-,**
1400000US36061008300,36061008300,"Census Tract 83, New York County, New York",967,209,2122,403,1020,516,899,129,889,163,-,**,-,**
1400000US36061008601,36061008601,"Census Tract 86.01, New York County, New York",3293,94,-,**,3200,155,3409,196,3266,92,-,**,-,**
1400000US36061008602,36061008602,"Census Tract 86.02, New York County, New York",-,**,-,**,-,**,-,**,-,**,-,**,-,**
1400000US36061008603,36061008603,"Census Tract 86.03, New York County, New York",2599,184,-,**,2551,257,2605,325,2688,1470,-,**,-,**
1400000US36061008700,36061008700,"Census Tract 87, New York County, New York",2243,160,2351,305,2298,343,2002,451,"3,500+",***,-,**,-,**
1400000US36061008800,36061008800,"Census Tract 88, New York County, New York",1995,182,1681,172,2365,273,2230,602,-,**,-,**,-,**
1400000US36061009000,36061009000,"Census Tract 90, New York County, New York",2381,187,2127,159,2467,338,3240,644,2589,1031,-,**,-,**
1400000US36061009100,36061009100,"Census Tract 91, New York County, New York",1990,217,1843,520,2012,582,2168,936,2732,1632,-,**,-,**
1400000US36061009200,36061009200,"Census Tract 92, New York County, New York",2685,151,2443,720,2730,214,2913,540,1656,1266,-,**,-,**
1400000US36061009400,36061009400,"Census Tract 94, New York County, New York",2107,1663,-,**,-,**,-,**,-,**,-,**,-,**
1400000US36061009500,36061009500,"Census Tract 95, New York County, New York",2280,485,1444,413,2480,1624,3011,946,1547,653,-,**,-,**
1400000US36061009600,36061009600,"Census Tract 96, New York County, New York",1967,329,2350,2261,1794,414,-,**,-,**,-,**,-,**
1400000US36061009800,36061009800,"Census Tract 98, New York County, New York",2076,298,1983,247,2703,528,1895,866,1774,55,-,**,-,**
1400000US36061009900,36061009900,"Census Tract 99, New York County, New York",2901,156,2576,147,3109,305,2954,414,"3,500+",***,-,**,-,**
1400000US36061010000,36061010000,"Census Tract 100, New York County, New York",2391,295,2015,255,2478,574,3207,98,-,**,-,**,-,**
1400000US36061010100,36061010100,"Census Tract 101, New York County, New York",3362,206,3175,192,"3,500+",***,"3,500+",***,-,**,-,**,-,**
1400000US36061010200,36061010200,"Census Tract 102, New York County, New York","3,500+",***,-,**,-,**,-,**,-,**,-,**,-,**
1400000US36061010300,36061010300,"Census Tract 103, New York County, New York",2455,184,2224,176,2748,166,2018,1117,3070,396,-,**,-,**
1400000US36061010400,36061010400,"Census Tract 104, New York County, New York",2276,249,2479,740,2222,271,2679,1037,-,**,-,**,-,**
1400000US36061010601,36061010601,"Census Tract 106.01, New York County, New York",2368,269,2400,359,2331,480,2407,1164,-,**,-,**,-,**
1400000US36061010602,36061010602,"Census Tract 106.02, New York County, New York",2393,175,2250,121,2242,204,2727,185,3219,664,-,**,-,**
1400000US36061010800,36061010800,"Census Tract 108, New York County, New York",2196,244,1870,256,2056,322,2580,307,"3,500+",***,-,**,-,**
1400000US36061010900,36061010900,"Census Tract 109, New York County, New York",3050,393,3038,1382,3056,428,-,**,-,**,-,**,-,**
1400000US36061011000,36061011000,"Census Tract 110, New York County, New York",1977,165,1786,88,1980,412,3008,810,1825,354,-,**,-,**
1400000US36061011100,36061011100,"Census Tract 111, New York County, New York",2390,343,2211,514,2231,771,2570,510,-,**,-,**,-,**
1400000US36061011201,36061011201,"Census Tract 112.01, New York County, New York",2435,152,2250,139,2651,382,2225,302,-,**,-,**,-,**
1400000US36061011202,36061011202,"Census Tract 112.02, New York County, New York",2760,328,-,**,-,**,-,**,-,**,-,**,-,**
1400000US36061011203,36061011203,"Census Tract 112.03, New York County, New York",3041,246,2592,2157,3167,194,3060,420,2408,712,-,**,-,**
1400000US36061011401,36061011401,"Census Tract 114.01, New York County, New York",2213,640,1580,577,2292,972,3281,271,2531,2512,-,**,-,**
1400000US36061011402,36061011402,"Census Tract 114.02, New York County, New York",2045,209,1444,385,1939,282,2200,150,"3,500+",***,-,**,-,**
1400000US36061011500,36061011500,"Census Tract 115, New York County, New York",2280,398,986,734,2465,533,2500,1742,3250,1183,-,**,-,**
1400000US36061011600,36061011600,"Census Tract 116, New York County, New York",1465,203,1369,146,1240,287,2145,383,"3,500+",***,-,**,-,**
1400000US36061011700,36061011700,"Census Tract 117, New York County, New York",2880,188,2571,320,3104,179,2820,1420,-,**,-,**,-,**
1400000US36061011800,36061011800,"Census Tract 118, New York County, New York",2276,169,1864,278,2259,364,2346,289,3113,459,-,**,-,**
1400000US36061012000,36061012000,"Census Tract 120, New York County, New York",2374,276,-,**,2237,310,2833,1435,1712,1500,-,**,-,**
1400000US36061012100,36061012100,"Census Tract 121, New York County, New York",1457,294,1159,195,1509,350,2267,236,828,700,-,**,-,**
1400000US36061012200,36061012200,"Census Tract 122, New York County, New York",2572,316,1937,283,2783,606,2860,281,2717,919,-,**,-,**
1400000US36061012400,36061012400,"Census Tract 124, New York County, New York",2147,196,1745,71,2246,196,2630,552,3200,108,-,**,-,**
1400000US36061012500,36061012500,"Census Tract 125, New York County, New York",3452,239,2729,432,"3,500+",***,"3,500+",***,2750,1342,-,**,279,249
1400000US36061012600,36061012600,"Census Tract 126, New York County, New York",1840,154,1556,322,1831,264,2318,396,2739,2094,-,**,-,**
1400000US36061012700,36061012700,"Census Tract 127, New York County, New York",1838,92,1581,506,1836,138,2168,529,3072,533,-,**,-,**
1400000US36061012800,36061012800,"Census Tract 128, New York County, New York",2075,161,-,**,1870,318,2192,345,2112,414,-,**,-,**
1400000US36061013100,36061013100,"Census Tract 131, New York County, New York",2582,127,2513,412,2535,356,2900,296,3000,2045,-,**,-,**
1400000US36061013200,36061013200,"Census Tract 132, New York County, New York",1884,129,1585,161,1979,202,2216,264,1981,338,-,**,-,**
1400000US36061013400,36061013400,"Census Tract 134, New York County, New York",1789,163,1855,248,1746,219,2057,482,1673,1350,-,**,-,**
1400000US36061013500,36061013500,"Census Tract 135, New York County, New York",1299,432,1968,763,1414,1216,906,543,1082,454,-,**,-,**
1400000US36061013700,36061013700,"Census Tract 137, New York County, New York",2842,278,2583,412,3111,113,2718,969,2277,405,-,**,-,**
1400000US36061013800,36061013800,"Census Tract 138, New York County, New York",2157,141,1779,188,2178,221,2396,207,3188,693,-,**,-,**
1400000US36061013900,36061013900,"Census Tract 139, New York County, New York",2000,285,1670,323,2303,281,1365,997,-,**,-,**,-,**
1400000US36061014000,36061014000,"Census Tract 140, New York County, New York",2193,181,1713,226,2241,288,2379,273,2741,1401,-,**,-,**
1400000US36061014300,36061014300,"Census Tract 143, New York County, New York",-,**,-,**,-,**,-,**,-,**,-,**,-,**
1400000US36061014401,36061014401,"Census Tract 144.01, New York County, New York",2202,312,1679,151,2213,279,2919,450,2433,954,-,**,-,**
1400000US36061014402,36061014402,"Census Tract 144.02, New York County, New York",2110,156,1818,82,2185,160,2286,515,3170,684,-,**,-,**
1400000US36061014500,36061014500,"Census Tract 145, New York County, New York",3334,110,2861,909,3428,130,3267,492,-,**,-,**,-,**
1400000US36061014601,36061014601,"Census Tract 146.01, New York County, New York",2115,173,1800,77,2221,212,2395,249,2233,1546,-,**,-,**
1400000US36061014602,36061014602,"Census Tract 146.02, New York County, New York",2169,203,1772,111,2517,270,2128,898,2826,600,-,**,-,**
1400000US36061014700,36061014700,"Census Tract 147, New York County, New York",3164,170,1592,520,3459,231,3353,291,"3,500+",***,-,**,-,**
1400000US36061014801,36061014801,"Census Tract 148.01, New York County, New York",2262,114,2240,99,2363,352,2254,149,898,499,-,**,-,**
1400000US36061014802,36061014802,"Census Tract 148.02, New York County, New York",1975,192,1670,159,1945,223,2292,402,2167,838,-,**,-,**
1400000US36061014900,36061014900,"Census Tract 149, New York County, New York",3027,457,1679,770,3147,200,3106,539,3133,816,-,**,-,**
1400000US36061015001,36061015001,"Census Tract 150.01, New York County, New York",2273,160,-,**,2333,313,2295,395,-,**,-,**,-,**
1400000US36061015002,36061015002,"Census Tract 150.02, New York County, New York",2260,599,-,**,1816,1511,2200,690,-,**,-,**,-,**
1400000US36061015200,36061015200,"Census Tract 152, New York County, New York",1094,500,1529,745,814,328,1043,620,2838,357,-,**,-,**
1400000US36061015300,36061015300,"Census Tract 153, New York County, New York",2477,296,1743,156,2527,228,3096,479,3388,2951,-,**,-,**
1400000US36061015601,36061015601,"Census Tract 156.01, New York County, New York",2007,124,1785,134,2021,203,2290,406,2240,546,-,**,-,**
1400000US36061015602,36061015602,"Census Tract 156.02, New York County, New York",979,177,2555,475,1794,1096,873,141,909,139,-,**,-,**
1400000US36061015700,36061015700,"Census Tract 157, New York County, New York",2025,209,1309,462,2036,254,2235,960,2906,1001,-,**,-,**
1400000US36061015802,36061015802,"Census Tract 158.02, New York County, New York",2394,167,1924,316,2609,244,2374,255,-,**,-,**,-,**
1400000US36061015900,36061015900,"Census Tract 159, New York County, New York",1958,255,1608,366,2035,421,2935,1165,-,**,-,**,-,**
1400000US36061016001,36061016001,"Census Tract 160.01, New York County, New York",2566,347,-,**,2644,376,3000,1109,1933,1220,-,**,2375,308
1400000US36061016002,36061016002,"Census Tract 160.02, New York County, New York",1577,128,-,**,1423,78,1716,138,1355,412,-,**,-,**
1400000US36061016100,36061016100,"Census Tract 161, New York County, New York",2236,150,1836,398,2327,105,1936,1235,"3,500+",***,-,**,-,**
1400000US36061016200,36061016200,"Census Tract 162, New York County, New York",641,155,1411,740,517,161,679,256,545,335,1040,967,-,**
1400000US36061016300,36061016300,"Census Tract 163, New York County, New York",1917,173,1895,248,1966,249,2272,687,1556,270,-,**,3083,1395
1400000US36061016600,36061016600,"Census Tract 166, New York County, New York",1100,169,892,828,1181,177,952,439,1058,348,-,**,-,**
1400000US36061016700,36061016700,"Census Tract 167, New York County, New York",2114,171,1758,400,2032,307,2297,206,2486,434,-,**,-,**
1400000US36061016800,36061016800,"Census Tract 168, New York County, New York",613,81,623,614,663,170,578,126,595,233,-,**,-,**
1400000US36061016900,36061016900,"Census Tract 169, New York County, New York",2071,313,1782,220,2449,573,1719,778,2280,193,-,**,-,**
1400000US36061017000,36061017000,"Census Tract 170, New York County, New York",1067,31,1013,971,1005,152,1075,40,1104,77,-,**,-,**
1400000US36061017200,36061017200,"Census Tract 172, New York County, New York",1002,110,972,448,929,220,1049,178,1071,313,-,**,-,**
1400000US36061017300,36061017300,"Census Tract 173, New York County, New York",1505,414,1228,655,1950,530,1702,496,793,80,-,**,-,**
1400000US36061017500,36061017500,"Census Tract 175, New York County, New York",1792,342,782,731,1848,379,2024,545,2441,949,2132,1729,-,**
1400000US36061017700,36061017700,"Census Tract 177, New York County, New York",979,108,1302,493,1059,222,756,110,1422,519,-,**,-,**
1400000US36061017800,36061017800,"Census Tract 178, New York County, New York",1093,76,737,164,1117,95,1214,214,1194,210,-,**,-,**
1400000US36061018000,36061018000,"Census Tract 180, New York County, New York",753,70,904,178,1110,170,644,139,625,273,-,**,-,**
1400000US36061018100,36061018100,"Census Tract 181, New York County, New York",1072,177,1366,890,1828,317,872,67,955,245,-,**,-,**
1400000US36061018500,36061018500,"Census Tract 185, New York County, New York",1733,327,2007,452,1593,821,1685,510,1384,349,-,**,-,**
1400000US36061018700,36061018700,"Census Tract 187, New York County, New York",1721,198,1623,965,1518,451,1704,224,2320,432,1800,1514,-,**
1400000US36061018800,36061018800,"Census Tract 188, New York County, New York",1044,127,1017,532,967,172,1233,163,881,590,-,**,-,**
1400000US36061018900,36061018900,"Census Tract 189, New York County, New York",799,73,983,563,1027,350,678,224,728,186,-,**,-,**
1400000US36061019100,36061019100,"Census Tract 191, New York County, New York",1725,143,1533,1042,1871,232,1824,255,1394,90,-,**,-,**
1400000US36061019200,36061019200,"Census Tract 192, New York County, New York",421,58,713,531,248,92,441,158,570,491,-,**,-,**
1400000US36061019300,36061019300,"Census Tract 193, New York County, New York",1149,303,1386,724,1025,585,1310,601,955,235,-,**,-,**
1400000US36061019400,36061019400,"Census Tract 194, New York County, New York",620,123,715,545,1013,495,601,170,330,173,-,**,-,**
1400000US36061019600,36061019600,"Census Tract 196, New York County, New York",572,130,461,177,291,39,1298,324,1452,663,3101,2678,-,**
1400000US36061019702,36061019702,"Census Tract 197.02, New York County, New York",1211,122,1125,866,974,278,2085,1161,2500,1677,-,**,-,**
1400000US36061019800,36061019800,"Census Tract 198, New York County, New York",1226,104,1103,472,1094,291,1420,298,-,**,-,**,-,**
1400000US36061019900,36061019900,"Census Tract 199, New York County, New York",1705,135,1544,202,1690,186,2076,263,1218,628,1404,1360,-,**
1400000US36061020101,36061020101,"Census Tract 201.01, New York County, New York",1879,108,-,**,1760,79,1900,383,2075,336,-,**,-,**
1400000US36061020300,36061020300,"Census Tract 203, New York County, New York",1446,148,1435,145,1608,124,1489,330,1013,220,-,**,-,**
1400000US36061020500,36061020500,"Census Tract 205, New York County, New York",1895,104,-,**,1691,63,1931,228,2811,574,2604,880,-,**
1400000US36061020600,36061020600,"Census Tract 206, New York County, New York",986,106,605,164,1065,284,1298,128,739,708,-,**,-,**
1400000US36061020701,36061020701,"Census Tract 207.01, New York County, New York",1713,76,1388,128,1646,66,1953,292,2359,716,-,**,-,**
1400000US36061020901,36061020901,"Census Tract 209.01, New York County, New York",734,158,870,405,607,388,694,131,914,202,-,**,-,**
1400000US36061021000,36061021000,"Census Tract 210, New York County, New York",831,217,-,**,1039,179,646,509,473,252,-,**,-,**
1400000US36061021200,36061021200,"Census Tract 212, New York County, New York",1456,118,1315,130,1604,133,1402,98,-,**,-,**,-,**
1400000US36061021400,36061021400,"Census Tract 214, New York County, New York",1112,52,892,334,1117,69,1180,88,-,**,-,**,-,**
1400000US36061021600,36061021600,"Census Tract 216, New York County, New York",1080,99,915,120,1348,336,1102,123,1028,396,1517,911,-,**
1400000US36061021703,36061021703,"Census Tract 217.03, New York County, New York",-,**,-,**,-,**,-,**,-,**,-,**,-,**
1400000US36061022000,36061022000,"Census Tract 220, New York County, New York",1075,138,755,65,1300,242,1068,157,1103,473,-,**,-,**
1400000US36061022200,36061022200,"Census Tract 222, New York County, New York",898,222,597,83,1034,409,1156,827,1259,266,1900,1063,-,**
1400000US36061022302,36061022302,"Census Tract 223.02, New York County, New York",1081,125,1371,80,763,311,1540,293,772,323,-,**,-,**
1400000US36061022400,36061022400,"Census Tract 224, New York County, New York",701,97,-,**,892,180,624,76,545,186,718,526,-,**
1400000US36061022500,36061022500,"Census Tract 225, New York County, New York",1098,124,1035,299,1216,346,962,425,1107,167,1098,99,-,**
1400000US36061022800,36061022800,"Census Tract 228, New York County, New York",970,71,989,530,1065,179,961,144,783,152,-,**,-,**
1400000US36061023100,36061023100,"Census Tract 231, New York County, New York",1268,105,855,211,1172,249,1367,130,1495,475,-,**,969,819
1400000US36061023200,36061023200,"Census Tract 232, New York County, New York",799,161,237,214,775,151,1044,178,773,341,448,343,-,**
1400000US36061023400,36061023400,"Census Tract 234, New York County, New York",1228,101,1051,271,1090,222,1284,136,1527,512,-,**,-,**
1400000US36061023600,36061023600,"Census Tract 236, New York County, New York",811,65,1036,459,631,48,868,104,877,146,-,**,-,**
1400000US36061023700,36061023700,"Census Tract 237, New York County, New York",1142,66,1236,178,988,117,1241,155,1295,269,1106,107,-,**
1400000US36061023801,36061023801,"Census Tract 238.01, New York County, New York",2015,190,1593,505,2002,460,2139,313,2292,396,-,**,-,**
1400000US36061023802,36061023802,"Census Tract 238.02, New York County, New York",2676,300,2250,98,2782,254,3441,300,2327,1102,-,**,-,**
1400000US36061024000,36061024000,"Census Tract 240, New York County, New York",-,**,-,**,-,**,-,**,-,**,-,**,-,**
1400000US36061024100,36061024100,"Census Tract 241, New York County, New York",1167,118,885,421,967,178,1268,159,1515,376,-,**,-,**
1400000US36061024200,36061024200,"Census Tract 242, New York County, New York",484,138,508,472,313,67,694,378,771,207,338,233,-,**
1400000US36061024302,36061024302,"Census Tract 243.02, New York County, New York",469,44,345,160,312,178,490,84,693,295,-,**,-,**
1400000US36061024500,36061024500,"Census Tract 245, New York County, New York",1045,85,943,630,1045,242,1019,119,1062,221,1642,482,954,178
1400000US36061024700,36061024700,"Census Tract 247, New York County, New York",1184,116,-,**,910,381,1349,299,1702,433,1567,353,-,**
1400000US36061024900,36061024900,"Census Tract 249, New York County, New York",895,117,950,34,1316,152,748,104,828,184,983,728,-,**
1400000US36061025100,36061025100,"Census Tract 251, New York County, New York",956,62,1086,116,953,87,988,679,631,331,-,**,-,**
1400000US36061025300,36061025300,"Census Tract 253, New York County, New York",1150,77,929,316,1121,145,1178,116,1138,257,1423,241,-,**
1400000US36061025500,36061025500,"Census Tract 255, New York County, New York",1463,179,-,**,1377,220,1559,254,1796,1019,-,**,-,**
1400000US36061025700,36061025700,"Census Tract 257, New York County, New York",1470,252,1160,151,1680,359,1538,769,1517,1392,1309,282,-,**
1400000US36061025900,36061025900,"Census Tract 259, New York County, New York",1111,146,-,**,954,90,1314,119,1010,741,-,**,-,**
1400000US36061026100,36061026100,"Census Tract 261, New York County, New York",994,87,645,402,928,116,1114,153,1108,270,872,130,-,**
1400000US36061026300,36061026300,"Census Tract 263, New York County, New York",1173,103,944,218,1099,83,1163,184,1435,210,1789,133,-,**
1400000US36061026500,36061026500,"Census Tract 265, New York County, New York",1349,97,938,376,1398,147,1239,269,1470,313,-,**,2690,314
1400000US36061026900,36061026900,"Census Tract 269, New York County, New York",1101,101,559,367,1020,149,1209,130,1129,340,2018,1491,-,**
1400000US36061027300,36061027300,"Census Tract 273, New York County, New York",1519,105,1554,907,1382,70,1910,266,1758,642,-,**,-,**
1400000US36061027500,36061027500,"Census Tract 275, New York County, New York",1525,173,1129,163,1541,187,1775,415,1500,407,-,**,-,**
1400000US36061027700,36061027700,"Census Tract 277, New York County, New York",1082,52,907,75,1088,87,1068,91,1160,130,-,**,-,**
1400000US36061027900,36061027900,"Census Tract 279, New York County, New York",1285,61,1004,401,1248,80,1365,67,1247,196,-,**,-,**
1400000US36061028100,36061028100,"Census Tract 281, New York County, New York",1775,87,1340,71,1589,106,2241,171,2269,895,-,**,-,**
1400000US36061028300,36061028300,"Census Tract 283, New York County, New York",1111,87,897,403,1164,117,1077,141,932,282,-,**,-,**
1400000US36061028500,36061028500,"Census Tract 285, New York County, New York",1223,85,1266,620,1175,113,1160,149,1417,107,-,**,-,**
1400000US36061028700,36061028700,"Census Tract 287, New York County, New York",1290,71,1039,145,1316,75,1279,115,1750,1281,-,**,-,**
1400000US36061029100,36061029100,"Census Tract 291, New York County, New York",1032,50,903,351,1067,71,952,94,1477,222,-,**,-,**
1400000US36061029300,36061029300,"Census Tract 293, New York County, New York",1138,62,-,**,1060,112,1150,85,1409,262,-,**,-,**
1400000US36061029500,36061029500,"Census Tract 295, New York County, New York",1344,49,1177,134,1313,58,1446,141,1717,148,-,**,-,**
1400000US36061029700,36061029700,"Census Tract 297, New York County, New York",-,**,-,**,-,**,-,**,-,**,-,**,-,**
1400000US36061029900,36061029900,"Census Tract 299, New York County, New York",616,48,-,**,514,235,648,37,578,55,-,**,-,**
1400000US36061030300,36061030300,"Census Tract 303, New York County, New York",1386,64,1263,168,1337,94,1598,202,1198,289,-,**,-,**
1400000US36061030700,36061030700,"Census Tract 307, New York County, New York",1433,109,1109,36,1426,117,1681,252,1431,928,-,**,-,**
1400000US36061030900,36061030900,"Census Tract 309, New York County, New York",928,124,1495,840,1024,62,627,87,1707,102,-,**,-,**
1400000US36061031100,36061031100,"Census Tract 311, New York County, New York",-,**,-,**,-,**,-,**,-,**,-,**,-,**
1400000US36061031703,36061031703,"Census Tract 317.03, New York County, New York",2967,187,2702,110,2957,299,3485,400,2712,710,-,**,-,**
1400000US36061031704,36061031704,"Census Tract 317.04, New York County, New York",2883,187,2308,336,2797,130,3215,455,3208,612,-,**,-,**
1400000US36061031900,36061031900,"Census Tract 319, New York County, New York",-,**,-,**,-,**,-,**,-,**,-,**,-,**
